"Status","Time(Seconds)","Position(Degrees)","Torque(Foot-Pounds)","Speed(d/s)","End Pnt 0","Pos Start","Pos End","Trq Start","Peak Trq Start","Peak Trq End","Half Peak Trq","Stim","Reaction Start","Target Found","Target End"
"5",0,92.1875,7.3169,.0625,"0","","","","","","9","9","9","9","9"
"5",.01,92.1875,7.2597,.0625,"0","","","","","","","","","",""
"5",.02,92.1875,7.2188,.0625,"0","","","","","","","","","",""
"5",.03,92.1875,7.137,0,"0","","","","","","","","","",""
"5",.04,92.1875,7.0825,0,"0","","","","","","","","","",""
"5",.05,92.1875,7.0443,0,"0","","","","","","","","","",""
"5",.06,92.1875,7.0171,0,"0","","","","","","","","","",""
"5",.07,92.1875,6.9789,0,"0","","","","","","","","","",""
"5",.08,92.1875,6.9244,0,"0","","","","","","","","","",""
"5",.09,92.1875,6.8481,0,"0","","","","","","","","","",""
"5",.1,92.1875,6.7608,0,"0","","","","","","","","","",""
"5",.11,92.1875,6.6409,0,"0","","","","","","","","","",""
"5",.12,92.1875,6.521,0,"0","","","","","","","","","",""
"5",.13,92.1875,6.401,0,"0","","","","","","","","","",""
"5",.14,92.1875,6.2811,0,"0","","","","","","","","","",""
"5",.15,92.1875,6.1557,0,"0","","","","","","","","","",""
"5",.16,92.1875,6.0194,0,"0","","","","","","","","","",""
"5",.17,92.1875,5.894,0,"0","","","","","","","","","",""
"5",.18,92.1875,5.7632,0,"0","","","","","","","","","",""
"5",.19,92.1875,5.6542,0,"0","","","","","","","","","",""
"5",.2,92.1875,5.5778,0,"0","","","","","","","","","",""
"5",.21,92.1875,5.5342,0,"0","","","","","","","","","",""
"5",.22,92.1875,5.4906,0,"0","","","","","","","","","",""
"5",.23,92.1875,5.4415,0,"0","","","","","","","","","",""
"5",.24,92.1875,5.3816,0,"0","","","","","","","","","",""
"5",.25,92.1875,5.3161,0,"0","","","","","","","","","",""
"5",.26,92.1875,5.2507,0,"0","","","","","","","","","",""
"5",.27,92.1875,5.1962,0,"0","","","","","","","","","",""
"5",.28,92.1875,5.1581,0,"0","","","","","","","","","",""
"5",.29,92.1875,5.1253,0,"0","","","","","","","","","",""
"5",.3,92.1875,5.0926,0,"0","","","","","","","","","",""
"5",.31,92.1875,5.0545,0,"0","","","","","","","","","",""
"5",.32,92.1875,5.0163,0,"0","","","","","","","","","",""
"5",.33,92.1875,4.9672,0,"0","","","","","","","","","",""
"5",.34,92.1875,4.9236,0,"0","","","","","","","","","",""
"5",.35,92.1875,4.88,0,"0","","","","","","","","","",""
"5",.36,92.1875,4.8419,0,"0","","","","","","","","","",""
"5",.37,92.1875,4.8037,0,"0","","","","","","","","","",""
"5",.38,92.1875,4.7655,0,"0","","","","","","","","","",""
"5",.39,92.1875,4.7274,0,"0","","","","","","","","","",""
"5",.4,92.1875,4.6783,0,"0","","","","","","","","","",""
"5",.41,92.1875,4.6292,0,"0","","","","","","","","","",""
"5",.42,92.1875,4.5911,0,"0","","","","","","","","","",""
"5",.43,92.1875,4.5747,0,"0","","","","","","","","","",""
"5",.44,92.1875,4.5584,0,"0","","","","","","","","","",""
"5",.45,92.1875,4.542,0,"0","","","","","","","","","",""
"5",.46,92.1875,4.5202,0,"0","","","","","","","","","",""
"5",.47,92.1875,4.5039,0,"0","","","","","","","","","",""
"5",.48,92.1875,4.4875,0,"0","","","","","","","","","",""
"5",.49,92.1875,4.4766,0,"0","","","","","","","","","",""
"5",.5,92.1875,4.4657,0,"0","","","","","","","","","",""
"5",.51,92.1875,4.4548,0,"0","","","","","","","","","",""
"5",.52,92.1875,4.4439,0,"0","","","","","","","","","",""
"5",.53,92.1875,4.4275,0,"0","","","","","","","","","",""
"5",.54,92.1875,4.4112,0,"0","","","","","","","","","",""
"5",.55,92.1875,4.3785,0,"0","","","","","","","","","",""
"5",.56,92.1875,4.3458,0,"0","","","","","","","","","",""
"5",.57,92.1875,4.3076,0,"0","","","","","","","","","",""
"5",.58,92.1875,4.2694,0,"0","","","","","","","","","",""
"5",.59,92.1875,4.2367,0,"0","","","","","","","","","",""
"5",.6,92.1875,4.2095,0,"0","","","","","","","","","",""
"5",.61,92.1875,4.1931,0,"0","","","","","","","","","",""
"5",.62,92.1875,4.1713,0,"0","","","","","","","","","",""
"5",.63,92.1875,4.144,0,"0","","","","","","","","","",""
"5",.64,92.1875,4.1113,0,"0","","","","","","","","","",""
"5",.65,92.1875,4.0841,0,"0","","","","","","","","","",""
"5",.66,92.1875,4.0568,0,"0","","","","","","","","","",""
"5",.67,92.1875,4.0296,0,"0","","","","","","","","","",""
"5",.68,92.1875,3.9968,0,"0","","","","","","","","","",""
"5",.69,92.1875,3.9587,0,"0","","","","","","","","","",""
"5",.7,92.1875,3.9096,0,"0","","","","","","","","","",""
"5",.71,92.1875,3.8442,0,"0","","","","","","","","","",""
"5",.72,92.1875,3.7515,0,"0","","","","","","","","","",""
"5",.73,92.1875,3.5716,0,"0","","","","","","","","","",""
"5",.74,92.1875,3.3099,0,"0","","","","","","","","","",""
"5",.75,92.1875,2.9556,.0625,"0","","","","","","","","","",""
"5",.76,92.1875,2.5794,.1875,"0","","","","","","","","","",""
"5",.77,92.1875,2.1651,.1875,"0","","","","","","","","","",""
"1",.78,92.1875,1.7726,.125,"0","","","","","","","","","",""
"1",.79,92.1875,1.2274,.5625,"0","","","","","","","","","",""
"1",.8,92.1875,.1304,2.3125,"0","","","0","","","","","","",""
"1",.81,92.125,1.5341,4.5,"0","","","","","","","","","",""
"1",.82,92.0625,3.6742,7.9375,"0","","","","","","","","","",""
"1",.83,92,5.8362,13,"0","","","","","","","","","",""
"1",.84,91.75,8.2907,23.5,"0","0","","","","","","","","",""
"1",.85,91.5,10.5049,32.3125,"0","","","","","","","","","",""
"1",.86,91.1875,12.4617,42.625,"0","","","","","","","","","",""
"1",.87,90.75,13.8817,54.0625,"0","","","","","","","","","",""
"1",.88,89.875,15.2142,73.0625,"0","","","","","","","","","",""
"1",.89,89.1875,16.1887,86.5,"0","","","","","","","","","",""
"1",.9,88.375,16.954,100.375,"0","","","","","","","","","",""
"1",.91,86.875,17.6995,121.0625,"0","","","","","","","","","",""
"1",.92,85.75,18.6406,132.125,"0","","","","","","","","","",""
"1",.93,84.5625,20.2304,140.8125,"0","","","","","","","","","",""
"1",.94,83.25,22.6534,148.0625,"0","","","","","","","","","",""
"1",.95,81.25,26.5943,156.5625,"0","","","","","","","","","",""
"1",.96,79.875,30.816,160.9375,"0","","","","","","","","","",""
"1",.97,78.4375,35.2155,164.375,"0","","","","","","","","","",""
"1",.98,77,38.9632,167.1875,"0","","","","","","","","","",""
"1",.99,74.75,42.9486,170.375,"0","","","","","","","","","",""
"1",1,73.25,46.1594,171.9375,"0","","","","","","","","","",""
"1",1.01,71.6875,48.5794,173.25,"0","","","","","","","","","",""
"1",1.02,69.4375,49.83,174.75,"0","","","","","","","","","",""
"1",1.03,67.875,50.2806,175.625,"0","","","","","","","","","",""
"1",1.04,66.3125,50.2904,176.5,"0","","","","","","","","","",""
"1",1.05,64.75,50.2249,177.0625,"0","","","","","","","","","",""
"1",1.06,62.4375,50.3268,177.8125,"0","","","","","","","","","",""
"1",1.07,60.875,50.2823,178.25,"0","","","","","","","","","",""
"1",1.08,59.3125,50.331,178.5625,"0","","","","","","","","","",""
"1",1.09,57.6875,50.6004,178.8125,"0","","","","","","","","","",""
"1",1.1,55.375,51.2785,179.25,"0","","","","","","","","","",""
"1",1.11,53.75,52.035,179.375,"0","","","","","","","","","",""
"1",1.12,52.1875,52.8816,179.4375,"0","","","","","","","","","",""
"1",1.13,49.8125,53.7465,179.5625,"0","","","","","","","","","",""
"1",1.14,48.25,54.3577,179.5625,"0","","","","","","","","","",""
"1",1.15,46.6875,54.8309,179.6875,"0","","","","","","","","","",""
"1",1.16,45.0625,55.193,179.6875,"0","","","","","","","","","",""
"1",1.17,42.6875,55.522,179.6875,"0","","","","","","","","","",""
"1",1.18,41.125,55.4876,179.6875,"0","","","","","","","","","",""
"1",1.19,39.5625,55.3196,179.75,"0","","","","","","","","","",""
"1",1.2,37.9375,55.213,179.8125,"0","","","","","","","","","",""
"1",1.21,35.5625,55.3547,179.875,"0","","","","","","","","","",""
"1",1.22,34,55.5335,179.875,"0","","","","","","","","","",""
"1",1.23,32.4375,55.7144,179.8125,"0","","","","0","","","","","",""
"1",1.24,30.0625,55.6561,179.6875,"0","","","","","0","","","","",""
"1",1.25,28.5,55.2351,179.625,"0","","","","","","","","","",""
"1",1.26,26.875,54.5771,179.625,"0","","","","","","","","","",""
"1",1.27,25.3125,53.8639,179.6875,"0","","","","","","","","","",""
"1",1.28,22.9375,52.8992,179.5625,"0","","","","","","","","","",""
"1",1.29,21.375,51.6208,179.5625,"0","","","","","","","","","",""
"1",1.3,19.75,50.1467,179.5,"0","","","","","","","","","",""
"1",1.31,18.1875,48.7224,179.5,"0","","","","","","","","","",""
"1",1.32,15.8125,47.0716,179.5625,"0","","","","","","","","","",""
"5",1.33,14.25,0,179.4375,"0","","","","","","","","","",""
"5",1.34,12.6875,0,176.625,"0","","","","","","","","","",""
"5",1.35,10.4375,0,162.4375,"0","","","","","","","","","",""
"5",1.36,9.0625,0,150.375,"0","","","","","","","","","",""
"5",1.37,7.75,0,137.3125,"0","","","","","","","","","",""
"5",1.38,6.625,0,122.5625,"0","","","","","","","","","",""
"5",1.39,5.1875,0,97.75,"0","","","","","","","","","",""
"1",1.4,4.375,0,80.1875,"0","","","","","","","","","",""
"1",1.41,3.75,0,65,"0","","","","","","","","","",""
"1",1.42,3.25,0,53.125,"0","","","","","","","","","",""
"1",1.43,2.625,0,39.125,"0","","","","","","","","","",""
"1",1.44,2.3125,0,31.4375,"0","","0","","","","","","","",""
"1",1.45,2.125,0,23.3125,"0","","","","","","","","","",""
"1",1.46,1.875,0,8.9375,"1","","","","","","","","","",""
"1",1.47,1.875,0,-2.6875,"1","","","","","","","","","",""
"1",1.48,1.9375,0,-16,"1","","","1","","","","","","",""
"1",1.49,2.125,5.0962,-30.75,"1","1","","","","","","","","",""
"1",1.5,2.75,1.7913,-54.9375,"1","","","","","","","","","",""
"1",1.51,3.25,.7121,-72.0625,"1","","","","","","","","","",""
"1",1.52,4,2.7792,-90.0625,"1","","","","","","","","","",""
"1",1.53,4.875,4.4861,-107.0625,"1","","","","","","","","","",""
"1",1.54,6.4375,7.0323,-126.125,"1","","","","","","","","","",""
"1",1.55,7.5625,10.1468,-135.9375,"1","","","","","","","","","",""
"1",1.56,8.8125,13.8384,-143.9375,"1","","","","","","","","","",""
"1",1.57,10.75,17.9493,-153.3125,"1","","","","","","","","","",""
"1",1.58,12.125,21.7409,-158,"1","","","","","","","","","",""
"1",1.59,13.5625,25.0317,-161.8125,"1","","","","","","","","","",""
"1",1.6,15,27.1046,-165,"1","","","","","","","","","",""
"1",1.61,17.1875,28.6298,-168.625,"1","","","","","","","","","",""
"1",1.62,18.6875,29.4865,-170.4375,"1","","","","","","","","","",""
"1",1.63,20.1875,29.7638,-172.25,"1","","","","","","","","","",""
"1",1.64,21.75,29.6144,-173.5625,"1","","","","","","","","","",""
"1",1.65,24.0625,29.4575,-175.3125,"1","","","","","","","","","",""
"1",1.66,25.5625,29.4729,-176.375,"1","","","","","","","","","",""
"1",1.67,27.125,29.9131,-177.0625,"1","","","","","","","","","",""
"1",1.68,29.5,31.2028,-177.9375,"1","","","","","","","","","",""
"1",1.69,31.0625,32.6861,-178.5,"1","","","","","","","","","",""
"1",1.7,32.625,34.4565,-178.75,"1","","","","","","","","","",""
"1",1.71,34.1875,36.225,-179.0625,"1","","","","","","","","","",""
"1",1.72,36.5625,38.34,-179.3125,"1","","","","","","","","","",""
"1",1.73,38.125,40.2066,-179.3125,"1","","","","","","","","","",""
"1",1.74,39.6875,41.7545,-179.375,"1","","","","","","","","","",""
"1",1.75,41.3125,42.6504,-179.3125,"1","","","","","","","","","",""
"1",1.76,43.6875,43.2362,-179.5,"1","","","","","","","","","",""
"1",1.77,45.25,43.3786,-179.5625,"1","","","","","","","","","",""
"1",1.78,46.8125,43.3922,-179.625,"1","","","","","","","","","",""
"1",1.79,49.1875,43.6965,-179.75,"1","","","","","","","","","",""
"1",1.8,50.8125,43.9254,-179.875,"1","","","","","","","","","",""
"1",1.81,52.375,44.2638,-179.8125,"1","","","","","","","","","",""
"1",1.82,53.9375,44.7122,-179.875,"1","","","","","","","","","",""
"1",1.83,56.3125,45.4058,-179.875,"1","","","","","","","","","",""
"1",1.84,57.875,45.9022,-179.75,"1","","","","","","","","","",""
"1",1.85,59.5,46.2215,-179.6875,"1","","","","1","","","","","",""
"1",1.86,61.0625,46.1459,-179.625,"1","","","","","","","","","",""
"1",1.87,63.4375,45.6947,-179.5625,"1","","","","","1","","","","",""
"1",1.88,65,44.743,-179.625,"1","","","","","","","","","",""
"1",1.89,66.625,43.6193,-179.5625,"1","","","","","","","","","",""
"1",1.9,69,42.6418,-179.5625,"1","","","","","","","","","",""
"1",1.91,70.5625,41.4759,-179.625,"1","","","","","","","","","",""
"1",1.92,72.125,40.3244,-179.5625,"1","","","","","","","","","",""
"1",1.93,73.75,39.3874,-179.5625,"1","","","","","","","","","",""
"1",1.94,76.0625,38.2547,-179.5,"1","","","","","","","","","",""
"5",1.95,77.6875,0,-179.375,"1","","","","","","","","","",""
"5",1.96,79.25,0,-178.9375,"1","","","","","","","","","",""
"5",1.97,80.8125,0,-174.4375,"1","","","","","","","","","",""
"5",1.98,83,0,-158.6875,"1","","","","","","","","","",""
"5",1.99,84.375,0,-146.5,"1","","","","","","","","","",""
"5",2,85.5625,0,-133.0625,"1","","","","","","","","","",""
"5",2.01,87.1875,0,-109.625,"1","","","","","","","","","",""
"1",2.02,88.0625,0,-92.25,"1","","","","","","","","","",""
"1",2.03,88.8125,0,-74.875,"1","","","","","","","","","",""
"1",2.04,89.375,0,-60.625,"1","","","","","","","","","",""
"1",2.05,90.0625,0,-44.375,"1","","","","","","","","","",""
"1",2.06,90.4375,0,-35.9375,"1","","","","","","","","","",""
"1",2.07,90.6875,0,-28.75,"1","","","","","","","","","",""
"1",2.08,90.9375,0,-22.875,"1","","1","","","","","","","",""
"1",2.09,91.1875,0,-15.3125,"1","","","","","","","","","",""
"1",2.1,91.3125,0,-10.4375,"1","","","","","","","","","",""
"1",2.11,91.375,0,-5.3125,"2","","","","","","","","","",""
"1",2.12,91.375,0,2.75,"2","","","","","","","","","",""
"1",2.13,91.3125,0,8.6875,"2","","","","","","","","","",""
"1",2.14,91.1875,0,15.5,"2","","","2","","","","","","",""
"1",2.15,91.0625,2.5802,23.4375,"2","2","","","","","","","","",""
"1",2.16,90.625,5.7042,38.125,"2","","","","","","","","","",""
"1",2.17,90.25,8.9873,50.125,"2","","","","","","","","","",""
"1",2.18,89.75,12.3891,64.1875,"2","","","","","","","","","",""
"1",2.19,89.125,15.3632,80.1875,"2","","","","","","","","","",""
"1",2.2,87.875,18.6408,106,"2","","","","","","","","","",""
"1",2.21,86.875,21.6154,119.75,"2","","","","","","","","","",""
"1",2.22,85.75,24.7193,130.5,"2","","","","","","","","","",""
"1",2.23,83.9375,28.7964,143.75,"2","","","","","","","","","",""
"1",2.24,82.625,33.491,150.5,"2","","","","","","","","","",""
"1",2.25,81.3125,38.8618,156.0625,"2","","","","","","","","","",""
"1",2.26,79.9375,44.0121,160.625,"2","","","","","","","","","",""
"1",2.27,77.75,50.3862,165.75,"2","","","","","","","","","",""
"1",2.28,76.3125,56.5251,168.4375,"2","","","","","","","","","",""
"1",2.29,74.8125,62.3492,170.4375,"2","","","","","","","","","",""
"1",2.3,73.25,66.8531,172.125,"2","","","","","","","","","",""
"1",2.31,71,71.1616,174.0625,"2","","","","","","","","","",""
"1",2.32,69.4375,74.3577,175,"2","","","","","","","","","",""
"1",2.33,67.9375,76.771,175.875,"2","","","","","","","","","",""
"1",2.34,65.5625,78.5609,177,"2","","","","","","","","","",""
"1",2.35,64,80.0716,177.625,"2","","","","","","","","","",""
"1",2.36,62.4375,81.6705,178.1875,"2","","","","","","","","","",""
"1",2.37,60.875,83.1989,178.5,"2","","","","","","","","","",""
"1",2.38,58.5,85.2345,179,"2","","","","","","","","","",""
"1",2.39,56.9375,87.1699,179.1875,"2","","","","","","","","","",""
"1",2.4,55.375,89.0504,179.3125,"2","","","","","","","","","",""
"1",2.41,53.8125,90.548,179.375,"2","","","","","","","","","",""
"1",2.42,51.4375,91.669,179.1875,"2","","","","","","","","","",""
"1",2.43,49.875,91.8123,179.125,"2","","","","2","","","","","",""
"1",2.44,48.25,91.2394,179.1875,"2","","","","","2","","","","",""
"1",2.45,45.875,90.035,179.3125,"2","","","","","","","","","",""
"1",2.46,44.3125,88.6345,179.375,"2","","","","","","","","","",""
"1",2.47,42.75,87.3794,179.5,"2","","","","","","","","","",""
"1",2.48,41.1875,86.4333,179.4375,"2","","","","","","","","","",""
"1",2.49,38.8125,85.3124,179.4375,"2","","","","","","","","","",""
"1",2.5,37.1875,83.9237,179.4375,"2","","","","","","","","","",""
"1",2.51,35.625,82.3092,179.375,"2","","","","","","","","","",""
"1",2.52,34.0625,80.7953,179.375,"2","","","","","","","","","",""
"1",2.53,31.6875,78.8123,179.3125,"2","","","","","","","","","",""
"1",2.54,30.125,76.4403,179.1875,"2","","","","","","","","","",""
"1",2.55,28.5,73.8917,179.25,"2","","","","","","","","","",""
"1",2.56,26.1875,71.1967,179.3125,"2","","","","","","","","","",""
"1",2.57,24.5625,68.4049,179.25,"2","","","","","","","","","",""
"1",2.58,23,65.6621,179.3125,"2","","","","","","","","","",""
"1",2.59,21.4375,63.3574,179.3125,"2","","","","","","","","","",""
"1",2.6,19.0625,60.7171,179.25,"2","","","","","","","","","",""
"1",2.61,17.5,57.934,179.1875,"2","","","","","","","","","",""
"5",2.62,15.875,0,179.1875,"2","","","","","","","","","",""
"5",2.63,14.3125,0,179,"2","","","","","","","","","",""
"5",2.64,12,0,173,"2","","","","","","","","","",""
"5",2.65,10.5,0,162.5625,"2","","","","","","","","","",""
"5",2.66,9.125,0,150.6875,"2","","","","","","","","","",""
"5",2.67,7.25,0,131.0625,"2","","","","","","","","","",""
"5",2.68,6.1875,0,115.75,"2","","","","","","","","","",""
"5",2.69,5.25,0,99.0625,"2","","","","","","","","","",""
"1",2.7,4.4375,0,81.3125,"2","","","","","","","","","",""
"1",2.71,3.5625,0,59.5625,"2","","","","","","","","","",""
"1",2.72,3.0625,0,49.125,"2","","","","","","","","","",""
"1",2.73,2.6875,0,40.375,"2","","","","","","","","","",""
"1",2.74,2.375,0,31.375,"2","","2","","","","","","","",""
"1",2.75,2.0625,0,15.0625,"2","","","","","","","","","",""
"1",2.76,2,0,1.3125,"3","","","","","","","","","",""
"1",2.77,2.0625,0,-15.1875,"3","","","3","","","","","","",""
"1",2.78,2.4375,.8135,-43.6875,"3","3","","","","","","","","",""
"1",2.79,2.9375,3.2538,-63.6875,"3","","","","","","","","","",""
"1",2.8,3.5625,6.1521,-84,"3","","","","","","","","","",""
"1",2.81,4.375,7.8725,-102.0625,"3","","","","","","","","","",""
"1",2.82,5.875,10.1356,-122.1875,"3","","","","","","","","","",""
"1",2.83,7,12.8602,-132.625,"3","","","","","","","","","",""
"1",2.84,8.1875,15.9524,-141.1875,"3","","","","","","","","","",""
"1",2.85,9.5,18.6359,-148.0625,"3","","","","","","","","","",""
"1",2.86,11.5,21.4745,-156.375,"3","","","","","","","","","",""
"1",2.87,12.875,24.0329,-160.625,"3","","","","","","","","","",""
"1",2.88,14.3125,26.5323,-164.1875,"3","","","","","","","","","",""
"1",2.89,16.5,29.0489,-168.4375,"3","","","","","","","","","",""
"1",2.9,18,31.5423,-170.375,"3","","","","","","","","","",""
"1",2.91,19.5625,33.9576,-172.125,"3","","","","","","","","","",""
"1",2.92,21.0625,35.6903,-173.5625,"3","","","","","","","","","",""
"1",2.93,23.375,37.3697,-175.1875,"3","","","","","","","","","",""
"1",2.94,24.875,38.8039,-176.1875,"3","","","","","","","","","",""
"1",2.95,26.4375,40.1667,-176.875,"3","","","","","","","","","",""
"1",2.96,28,41.4081,-177.375,"3","","","","","","","","","",""
"1",2.97,30.375,42.7821,-178.0625,"3","","","","","","","","","",""
"1",2.98,31.9375,43.818,-178.25,"3","","","","","","","","","",""
"1",2.99,33.5,44.7212,-178.625,"3","","","","","","","","","",""
"1",3,35.875,45.5329,-179,"3","","","","","","","","","",""
"1",3.01,37.4375,46.2128,-179.125,"3","","","","","","","","","",""
"1",3.02,39,46.9284,-179.3125,"3","","","","","","","","","",""
"1",3.03,40.625,47.5098,-179.5,"3","","","","","","","","","",""
"1",3.04,42.9375,48.1342,-179.4375,"3","","","","","","","","","",""
"1",3.05,44.5625,48.5565,-179.625,"3","","","","","","","","","",""
"1",3.06,46.125,48.8121,-179.625,"3","","","","","","","","","",""
"1",3.07,47.6875,48.9607,-179.5,"3","","","","","","","","","",""
"1",3.08,50.0625,48.9984,-179.625,"3","","","","3","","","","","",""
"1",3.09,51.6875,48.6697,-179.625,"3","","","","","3","","","","",""
"1",3.1,53.25,48.2867,-179.625,"3","","","","","","","","","",""
"1",3.11,55.625,48.1311,-179.8125,"3","","","","","","","","","",""
"1",3.12,57.1875,47.9436,-179.75,"3","","","","","","","","","",""
"1",3.13,58.75,47.9035,-179.75,"3","","","","","","","","","",""
"1",3.14,60.375,47.9152,-179.8125,"3","","","","","","","","","",""
"1",3.15,62.75,47.9077,-179.6875,"3","","","","","","","","","",""
"1",3.16,64.3125,47.6245,-179.75,"3","","","","","","","","","",""
"1",3.17,65.875,47.1823,-179.6875,"3","","","","","","","","","",""
"1",3.18,67.5,46.7534,-179.625,"3","","","","","","","","","",""
"1",3.19,69.875,46.1391,-179.5625,"3","","","","","","","","","",""
"1",3.2,71.4375,45.0842,-179.5,"3","","","","","","","","","",""
"1",3.21,73,43.8256,-179.4375,"3","","","","","","","","","",""
"1",3.22,75.375,42.4007,-179.4375,"3","","","","","","","","","",""
"1",3.23,76.9375,40.5606,-179.3125,"3","","","","","","","","","",""
"5",3.24,78.5625,0,-179.25,"3","","","","","","","","","",""
"5",3.25,80.125,0,-177.125,"3","","","","","","","","","",""
"5",3.26,82.375,0,-163.8125,"3","","","","","","","","","",""
"5",3.27,83.75,0,-151.875,"3","","","","","","","","","",""
"5",3.28,85.0625,0,-139.1875,"3","","","","","","","","","",""
"5",3.29,86.1875,0,-124.8125,"3","","","","","","","","","",""
"5",3.3,87.6875,0,-100.375,"3","","","","","","","","","",""
"1",3.31,88.5,0,-82.5,"3","","","","","","","","","",""
"1",3.32,89.125,0,-66.5625,"3","","","","","","","","","",""
"1",3.33,89.875,0,-48.6875,"3","","","","","","","","","",""
"1",3.34,90.25,0,-39.4375,"3","","","","","","","","","",""
"1",3.35,90.5625,0,-31.625,"3","","","","","","","","","",""
"1",3.36,90.8125,0,-25.125,"3","","3","","","","","","","",""
"1",3.37,91.125,0,-16.125,"3","","","","","","","","","",""
"1",3.38,91.1875,0,-9.5,"3","","","","","","","","","",""
"1",3.39,91.25,0,-1.75,"4","","","","","","","","","",""
"1",3.4,91.25,0,7.25,"4","","","","","","","","","",""
"1",3.41,91,0,23.5,"4","","","4","","","","","","",""
"1",3.42,90.75,5.9351,36.0625,"4","4","","","","","","","","",""
"1",3.43,90.375,9.3876,49.875,"4","","","","","","","","","",""
"1",3.44,89.5625,12.283,72.625,"4","","","","","","","","","",""
"1",3.45,88.875,14.7812,89,"4","","","","","","","","","",""
"1",3.46,88,17.064,105.6875,"4","","","","","","","","","",""
"1",3.47,87,19.072,119.75,"4","","","","","","","","","",""
"1",3.48,85.3125,22.3541,135.375,"4","","","","","","","","","",""
"1",3.49,84.0625,26.4606,143.875,"4","","","","","","","","","",""
"1",3.5,82.75,31.6249,150.6875,"4","","","","","","","","","",""
"1",3.51,81.4375,37.0287,156.1875,"4","","","","","","","","","",""
"1",3.52,79.3125,43.9963,162.6875,"4","","","","","","","","","",""
"1",3.53,77.875,51.022,165.9375,"4","","","","","","","","","",""
"1",3.54,76.375,58.0774,168.625,"4","","","","","","","","","",""
"1",3.55,74.125,64.8958,171.625,"4","","","","","","","","","",""
"1",3.56,72.625,71.0657,173.0625,"4","","","","","","","","","",""
"1",3.57,71.125,76.3041,174.125,"4","","","","","","","","","",""
"1",3.58,69.5625,79.577,175,"4","","","","","","","","","",""
"1",3.59,67.25,81.9925,176.125,"4","","","","","","","","","",""
"1",3.6,65.6875,83.2731,176.75,"4","","","","","","","","","",""
"1",3.61,64.125,84.1724,177.4375,"4","","","","","","","","","",""
"1",3.62,62.5625,84.9634,178.0625,"4","","","","","","","","","",""
"1",3.63,60.25,86.3277,178.6875,"4","","","","","","","","","",""
"1",3.64,58.625,87.955,179.0625,"4","","","","","","","","","",""
"1",3.65,57.0625,89.8527,179.1875,"4","","","","","","","","","",""
"1",3.66,54.6875,91.9327,179.3125,"4","","","","","","","","","",""
"1",3.67,53.125,93.5368,179.3125,"4","","","","","","","","","",""
"1",3.68,51.5625,94.3699,179.0625,"4","","","","4","","","","","",""
"1",3.69,49.9375,94.1488,179,"4","","","","","4","","","","",""
"1",3.7,47.625,92.9937,179.125,"4","","","","","","","","","",""
"1",3.71,46,91.2305,179.25,"4","","","","","","","","","",""
"1",3.72,44.4375,89.4046,179.3125,"4","","","","","","","","","",""
"1",3.73,42.875,88.0136,179.4375,"4","","","","","","","","","",""
"1",3.74,40.5,86.6001,179.375,"4","","","","","","","","","",""
"1",3.75,38.9375,85.0962,179.4375,"4","","","","","","","","","",""
"1",3.76,37.3125,83.5716,179.4375,"4","","","","","","","","","",""
"1",3.77,35,81.9188,179.375,"4","","","","","","","","","",""
"1",3.78,33.375,80.0112,179.3125,"4","","","","","","","","","",""
"1",3.79,31.8125,77.791,179.25,"4","","","","","","","","","",""
"1",3.8,30.25,75.6272,179.1875,"4","","","","","","","","","",""
"1",3.81,27.875,72.9823,179.25,"4","","","","","","","","","",""
"1",3.82,26.3125,70.2107,179.375,"4","","","","","","","","","",""
"1",3.83,24.6875,67.6,179.4375,"4","","","","","","","","","",""
"1",3.84,23.125,65.6226,179.4375,"4","","","","","","","","","",""
"1",3.85,20.75,63.5939,179.5,"4","","","","","","","","","",""
"1",3.86,19.1875,61.6026,179.4375,"4","","","","","","","","","",""
"1",3.87,17.625,59.6067,179.375,"4","","","","","","","","","",""
"5",3.88,15.25,0,179.25,"4","","","","","","","","","",""
"5",3.89,13.6875,0,178.625,"4","","","","","","","","","",""
"5",3.9,12.125,0,173.75,"4","","","","","","","","","",""
"5",3.91,10.625,0,163.5625,"4","","","","","","","","","",""
"5",3.92,8.5625,0,145.5,"4","","","","","","","","","",""
"5",3.93,7.375,0,132.0625,"4","","","","","","","","","",""
"5",3.94,6.25,0,116.8125,"4","","","","","","","","","",""
"5",3.95,5.3125,0,100.125,"4","","","","","","","","","",""
"1",3.96,4.1875,0,74.1875,"4","","","","","","","","","",""
"1",3.97,3.5625,0,60.3125,"4","","","","","","","","","",""
"1",3.98,3.125,0,49.5,"4","","","","","","","","","",""
"1",3.99,2.5625,0,36.5,"4","","","","","","","","","",""
"1",4,2.25,0,28.5625,"4","","4","","","","","","","",""
"1",4.01,2.0625,0,19.5,"4","","","","","","","","","",""
"1",4.02,1.9375,0,8.375,"5","","","","","","","","","",""
"1",4.03,1.9375,0,-13.3125,"5","","","5","","","","","","",""
"1",4.04,2.125,5.3742,-31,"5","5","","","","","","","","",""
"1",4.05,2.5,.5937,-51.0625,"5","","","","","","","","","",""
"1",4.06,3.0625,4.7383,-72.9375,"5","","","","","","","","","",""
"1",4.07,4.25,8.6552,-101.625,"5","","","","","","","","","",""
"1",4.08,5.1875,12.4142,-115.6875,"5","","","","","","","","","",""
"1",4.09,6.25,16.5294,-127.3125,"5","","","","","","","","","",""
"1",4.1,8.0625,21.1434,-140.9375,"5","","","","","","","","","",""
"1",4.11,9.3125,25.6009,-147.8125,"5","","","","","","","","","",""
"1",4.12,10.625,29.5719,-153.6875,"5","","","","","","","","","",""
"1",4.13,12,32.267,-158.3125,"5","","","","","","","","","",""
"1",4.14,14.125,34.8455,-163.9375,"5","","","","","","","","","",""
"1",4.15,15.625,37.0896,-166.9375,"5","","","","","","","","","",""
"1",4.16,17.0625,39.0932,-169.125,"5","","","","","","","","","",""
"1",4.17,18.5625,40.5652,-170.9375,"5","","","","","","","","","",""
"1",4.18,20.875,41.714,-173.1875,"5","","","","","","","","","",""
"1",4.19,22.375,42.31,-174.1875,"5","","","","","","","","","",""
"1",4.2,23.9375,42.6651,-175.375,"5","","","","","","","","","",""
"1",4.21,26.25,43.0244,-176.6875,"5","","","","","","","","","",""
"1",4.22,27.8125,43.5287,-177.1875,"5","","","","","","","","","",""
"1",4.23,29.375,44.2497,-177.875,"5","","","","","","","","","",""
"1",4.24,30.9375,44.9526,-178.25,"5","","","","","","","","","",""
"1",4.25,33.3125,45.9112,-178.6875,"5","","","","","","","","","",""
"1",4.26,34.875,46.8058,-179,"5","","","","","","","","","",""
"1",4.27,36.4375,47.6983,-179.125,"5","","","","","","","","","",""
"1",4.28,38,48.5284,-179.1875,"5","","","","","","","","","",""
"1",4.29,40.375,49.4536,-179.5,"5","","","","","","","","","",""
"1",4.3,41.9375,50.1028,-179.4375,"5","","","","","","","","","",""
"1",4.31,43.5625,50.7598,-179.625,"5","","","","","","","","","",""
"1",4.32,45.9375,51.4934,-179.75,"5","","","","","","","","","",""
"1",4.33,47.5,52.1044,-179.6875,"5","","","","","","","","","",""
"1",4.34,49.0625,52.6572,-179.6875,"5","","","","","","","","","",""
"1",4.35,50.6875,52.9292,-179.75,"5","","","","","","","","","",""
"1",4.36,53.0625,53.1285,-179.6875,"5","","","","","","","","","",""
"1",4.37,54.625,53.1054,-179.8125,"5","","","","","","","","","",""
"1",4.38,56.1875,53.0612,-179.75,"5","","","","","","","","","",""
"1",4.39,57.8125,53.1288,-179.75,"5","","","","","","","","","",""
"1",4.4,60.1875,53.2172,-179.8125,"5","","","","5","","","","","",""
"1",4.41,61.75,52.9913,-179.6875,"5","","","","","","","","","",""
"1",4.42,63.3125,52.7213,-179.6875,"5","","","","","5","","","","",""
"1",4.43,65.6875,52.4714,-179.6875,"5","","","","","","","","","",""
"1",4.44,67.25,51.9512,-179.625,"5","","","","","","","","","",""
"1",4.45,68.875,51.319,-179.625,"5","","","","","","","","","",""
"1",4.46,70.4375,50.5725,-179.5625,"5","","","","","","","","","",""
"1",4.47,72.8125,49.5814,-179.5,"5","","","","","","","","","",""
"1",4.48,74.375,48.1947,-179.5,"5","","","","","","","","","",""
"1",4.49,76,46.6024,-179.375,"5","","","","","","","","","",""
"5",4.5,77.5625,0,-179.3125,"5","","","","","","","","","",""
"5",4.51,79.9375,0,-177.6875,"5","","","","","","","","","",""
"5",4.52,81.4375,0,-170.6875,"5","","","","","","","","","",""
"5",4.53,82.9375,0,-159.5625,"5","","","","","","","","","",""
"5",4.54,84.875,0,-140.9375,"5","","","","","","","","","",""
"5",4.55,86.0625,0,-126.625,"5","","","","","","","","","",""
"5",4.56,87.125,0,-110.6875,"5","","","","","","","","","",""
"1",4.57,88,0,-93.5,"5","","","","","","","","","",""
"1",4.58,89.0625,0,-68.25,"5","","","","","","","","","",""
"1",4.59,89.625,0,-55.1875,"5","","","","","","","","","",""
"1",4.6,90.0625,0,-44.375,"5","","","","","","","","","",""
"1",4.61,90.375,0,-35.25,"5","","","","","","","","","",""
"1",4.62,90.75,0,-23.5,"5","","5","","","","","","","",""
"1",4.63,90.9375,0,-15.0625,"5","","","","","","","","","",""
"1",4.64,91,0,-4.9375,"6","","","","","","","","","",""
"1",4.65,90.9375,0,14.25,"6","","","","","","","","","",""
"1",4.66,90.75,0,29.5625,"6","6","","6","","","","","","",""
"1",4.67,90.4375,8.3507,46.4375,"6","","","","","","","","","",""
"1",4.68,89.9375,11.7688,64.3125,"6","","","","","","","","","",""
"1",4.69,88.875,14.4917,91.75,"6","","","","","","","","","",""
"1",4.7,88,16.3704,108.3125,"6","","","","","","","","","",""
"1",4.71,87,18.0998,121.4375,"6","","","","","","","","","",""
"1",4.72,85.875,20.2043,132.125,"6","","","","","","","","","",""
"1",4.73,84.0625,24.2323,145.0625,"6","","","","","","","","","",""
"1",4.74,82.75,29.2492,151.625,"6","","","","","","","","","",""
"1",4.75,81.375,35.1763,156.9375,"6","","","","","","","","","",""
"1",4.76,79.25,41.898,163.1875,"6","","","","","","","","","",""
"1",4.77,77.8125,48.5577,166.25,"6","","","","","","","","","",""
"1",4.78,76.3125,55.0833,168.8125,"6","","","","","","","","","",""
"1",4.79,74.875,60.2752,170.8125,"6","","","","","","","","","",""
"1",4.8,72.5625,65.4224,172.9375,"6","","","","","","","","","",""
"1",4.81,71.0625,69.1151,173.9375,"6","","","","","","","","","",""
"1",4.82,69.5,71.4539,174.8125,"6","","","","","","","","","",""
"1",4.83,67.9375,72.2379,175.75,"6","","","","","","","","","",""
"1",4.84,65.625,72.7793,177,"6","","","","","","","","","",""
"1",4.85,64.0625,73.3344,177.625,"6","","","","","","","","","",""
"1",4.86,62.5,74.4037,178.25,"6","","","","","","","","","",""
"1",4.87,60.125,76.3056,178.8125,"6","","","","","","","","","",""
"1",4.88,58.5625,78.3943,179.125,"6","","","","","","","","","",""
"1",4.89,57,80.5702,179.25,"6","","","","","","","","","",""
"1",4.9,55.4375,82.3363,179.25,"6","","","","","","","","","",""
"1",4.91,53.0625,83.8605,179.25,"6","","","","","","","","","",""
"1",4.92,51.5,84.4312,179.125,"6","","","","6","","","","","",""
"1",4.93,49.875,84.1989,179.125,"6","","","","","6","","","","",""
"1",4.94,48.3125,83.3632,179.25,"6","","","","","","","","","",""
"1",4.95,45.9375,82.3667,179.5,"6","","","","","","","","","",""
"1",4.96,44.375,81.4363,179.625,"6","","","","","","","","","",""
"1",4.97,42.8125,80.8041,179.625,"6","","","","","","","","","",""
"1",4.98,40.4375,80.3349,179.5,"6","","","","","","","","","",""
"1",4.99,38.8125,79.6051,179.5,"6","","","","","","","","","",""
"1",5,37.25,78.622,179.5,"6","","","","","","","","","",""
"1",5.01,35.6875,77.554,179.4375,"6","","","","","","","","","",""
"1",5.02,33.3125,76.1421,179.4375,"6","","","","","","","","","",""
"1",5.03,31.75,74.3912,179.4375,"6","","","","","","","","","",""
"1",5.04,30.125,72.4697,179.375,"6","","","","","","","","","",""
"1",5.05,28.5625,70.7384,179.4375,"6","","","","","","","","","",""
"1",5.06,26.1875,68.8155,179.5,"6","","","","","","","","","",""
"1",5.07,24.625,66.8747,179.5,"6","","","","","","","","","",""
"1",5.08,23.0625,65.0334,179.5,"6","","","","","","","","","",""
"1",5.09,20.6875,63.2281,179.5,"6","","","","","","","","","",""
"1",5.1,19.0625,61.3124,179.4375,"6","","","","","","","","","",""
"1",5.11,17.5,59.3048,179.375,"6","","","","","","","","","",""
"5",5.12,15.9375,0,179.3125,"6","","","","","","","","","",""
"5",5.13,13.5625,0,178.5,"6","","","","","","","","","",""
"5",5.14,12,0,173.25,"6","","","","","","","","","",""
"5",5.15,10.5,0,162.9375,"6","","","","","","","","","",""
"5",5.16,9.125,0,151,"6","","","","","","","","","",""
"5",5.17,7.3125,0,131.25,"6","","","","","","","","","",""
"5",5.18,6.1875,0,115.875,"6","","","","","","","","","",""
"5",5.19,5.25,0,99.125,"6","","","","","","","","","",""
"1",5.2,4.125,0,73.3125,"6","","","","","","","","","",""
"1",5.21,3.5625,0,59.625,"6","","","","","","","","","",""
"1",5.22,3.0625,0,49,"6","","","","","","","","","",""
"1",5.23,2.6875,0,40.125,"6","","","","","","","","","",""
"1",5.24,2.25,0,28.5,"6","","6","","","","","","","",""
"1",5.25,2,0,19.875,"6","","","","","","","","","",""
"1",5.26,1.875,0,9.625,"7","","","","","","","","","",""
"1",5.27,1.875,0,-2.5625,"7","","","","","","","","","",""
"1",5.28,2.0625,0,-24.875,"7","","","7","","","","","","",""
"1",5.29,2.3125,3.2354,-42.125,"7","7","","","","","","","","",""
"1",5.3,2.8125,1.0988,-60.9375,"7","","","","","","","","","",""
"1",5.31,3.8125,4.3352,-91,"7","","","","","","","","","",""
"1",5.32,4.6875,7.2953,-107.8125,"7","","","","","","","","","",""
"1",5.33,5.6875,10.6706,-120.9375,"7","","","","","","","","","",""
"1",5.34,6.8125,14.4302,-131.625,"7","","","","","","","","","",""
"1",5.35,8.625,19.3156,-144.0625,"7","","","","","","","","","",""
"1",5.36,9.9375,24.1441,-150.5,"7","","","","","","","","","",""
"1",5.37,11.3125,28.427,-155.8125,"7","","","","","","","","","",""
"1",5.38,12.6875,31.3987,-160,"7","","","","","","","","","",""
"1",5.39,14.8125,34.1252,-165.1875,"7","","","","","","","","","",""
"1",5.4,16.3125,36.2591,-167.8125,"7","","","","","","","","","",""
"1",5.41,17.8125,37.9772,-169.8125,"7","","","","","","","","","",""
"1",5.42,20.0625,39.2335,-172.5625,"7","","","","","","","","","",""
"1",5.43,21.5625,40.0534,-173.75,"7","","","","","","","","","",""
"1",5.44,23.125,40.7905,-174.875,"7","","","","","","","","","",""
"1",5.45,24.625,41.4436,-176,"7","","","","","","","","","",""
"1",5.46,27,42.5249,-177.0625,"7","","","","","","","","","",""
"1",5.47,28.5625,43.7589,-177.5,"7","","","","","","","","","",""
"1",5.48,30.125,44.975,-178.0625,"7","","","","","","","","","",""
"1",5.49,31.6875,45.9058,-178.3125,"7","","","","","","","","","",""
"1",5.5,34,46.9112,-178.8125,"7","","","","","","","","","",""
"1",5.51,35.625,47.6771,-178.9375,"7","","","","","","","","","",""
"1",5.52,37.1875,48.3393,-179,"7","","","","","","","","","",""
"1",5.53,39.5625,48.9799,-179.375,"7","","","","","","","","","",""
"1",5.54,41.125,49.2978,-179.4375,"7","","","","","","","","","",""
"1",5.55,42.6875,49.6074,-179.4375,"7","","","","","","","","","",""
"1",5.56,44.3125,49.9629,-179.75,"7","","","","","","","","","",""
"1",5.57,46.6875,50.642,-179.75,"7","","","","","","","","","",""
"1",5.58,48.25,51.3056,-179.6875,"7","","","","","","","","","",""
"1",5.59,49.8125,51.8727,-179.75,"7","","","","","","","","","",""
"1",5.6,51.4375,52.159,-179.6875,"7","","","","","","","","","",""
"1",5.61,53.75,52.3286,-179.6875,"7","","","","","","","","","",""
"1",5.62,55.375,52.2338,-179.8125,"7","","","","","","","","","",""
"1",5.63,56.9375,52.1435,-179.75,"7","","","","","","","","","",""
"1",5.64,59.3125,52.3307,-179.8125,"7","","","","7","","","","","",""
"1",5.65,60.875,52.2545,-179.8125,"7","","","","","","","","","",""
"1",5.66,62.5,52.0937,-179.6875,"7","","","","","","","","","",""
"1",5.67,64.0625,51.8206,-179.75,"7","","","","","7","","","","",""
"1",5.68,66.4375,51.4595,-179.625,"7","","","","","","","","","",""
"1",5.69,68,50.816,-179.625,"7","","","","","","","","","",""
"1",5.7,69.625,50.033,-179.625,"7","","","","","","","","","",""
"1",5.71,71.1875,49.1956,-179.5625,"7","","","","","","","","","",""
"1",5.72,73.5625,48.087,-179.4375,"7","","","","","","","","","",""
"1",5.73,75.125,46.5381,-179.4375,"7","","","","","","","","","",""
"1",5.74,76.6875,44.7521,-179.3125,"7","","","","","","","","","",""
"5",5.75,79.0625,0,-179,"7","","","","","","","","","",""
"5",5.76,80.625,0,-175.1875,"7","","","","","","","","","",""
"5",5.77,82.125,0,-165.8125,"7","","","","","","","","","",""
"5",5.78,83.5625,0,-154,"7","","","","","","","","","",""
"5",5.79,85.4375,0,-134.5625,"7","","","","","","","","","",""
"5",5.8,86.5625,0,-119.4375,"7","","","","","","","","","",""
"5",5.81,87.5625,0,-102.9375,"7","","","","","","","","","",""
"1",5.82,88.375,0,-85.125,"7","","","","","","","","","",""
"1",5.83,89.3125,0,-62.125,"7","","","","","","","","","",""
"1",5.84,89.8125,0,-50.625,"7","","","","","","","","","",""
"1",5.85,90.25,0,-41.25,"7","","","","","","","","","",""
"1",5.86,90.6875,0,-29.6875,"7","","","","","","","","","",""
"1",5.87,90.9375,0,-23.125,"7","","7","","","","","","","",""
"1",5.88,91.0625,0,-16.6875,"7","","","","","","","","","",""
"1",5.89,91.1875,0,-9.4375,"7","","","","","","","","","",""
"1",5.9,91.25,0,3.625,"8","","","","","","","","","",""
"1",5.91,91.1875,0,14.1875,"8","","","","","","","","","",""
"1",5.92,91,0,26.0625,"8","8","","8","","","","","","",""
"1",5.93,90.6875,6.2511,39.3125,"8","","","","","","","","","",""
"1",5.94,90,9.6997,61.3125,"8","","","","","","","","","",""
"1",5.95,89.4375,12.6528,77.3125,"8","","","","","","","","","",""
"1",5.96,88.625,15.275,94.1875,"8","","","","","","","","","",""
"1",5.97,87.25,17.7043,117.3125,"8","","","","","","","","","",""
"1",5.98,86.1875,20.3067,128.625,"8","","","","","","","","","",""
"1",5.99,85,23.5788,138.0625,"8","","","","","","","","","",""
"1",6,83.75,27.4775,146.0625,"8","","","","","","","","","",""
"1",6.01,81.75,33.3196,155.1875,"8","","","","","","","","","",""
"1",6.02,80.375,39.721,160,"8","","","","","","","","","",""
"1",6.03,78.9375,46.5568,163.8125,"8","","","","","","","","","",""
"1",6.04,77.5,52.7137,166.8125,"8","","","","","","","","","",""
"1",6.05,75.25,59.6987,170.1875,"8","","","","","","","","","",""
"1",6.06,73.75,65.7777,171.8125,"8","","","","","","","","","",""
"1",6.07,72.1875,70.711,172.9375,"8","","","","","","","","","",""
"1",6.08,69.9375,73.3668,174.375,"8","","","","","","","","","",""
"1",6.09,68.375,74.5287,175.3125,"8","","","","","","","","","",""
"1",6.1,66.8125,74.8292,176.3125,"8","","","","","","","","","",""
"1",6.11,65.3125,75.0021,177.0625,"8","","","","","","","","","",""
"1",6.12,62.9375,76.0489,178.125,"8","","","","","","","","","",""
"1",6.13,61.375,77.5025,178.5625,"8","","","","","","","","","",""
"1",6.14,59.8125,79.437,178.9375,"8","","","","","","","","","",""
"1",6.15,58.25,81.5082,179.125,"8","","","","","","","","","",""
"1",6.16,55.875,83.9337,179.25,"8","","","","","","","","","",""
"1",6.17,54.25,85.8337,179.1875,"8","","","","","","","","","",""
"1",6.18,52.6875,87.0319,179.125,"8","","","","8","","","","","",""
"1",6.19,50.3125,86.8459,178.9375,"8","","","","","8","","","","",""
"1",6.2,48.75,85.6735,179.0625,"8","","","","","","","","","",""
"1",6.21,47.1875,83.9752,179.1875,"8","","","","","","","","","",""
"1",6.22,45.625,82.4827,179.3125,"8","","","","","","","","","",""
"1",6.23,43.25,81.2484,179.5,"8","","","","","","","","","",""
"1",6.24,41.6875,80.1573,179.5625,"8","","","","","","","","","",""
"1",6.25,40.0625,79.2485,179.5625,"8","","","","","","","","","",""
"1",6.26,38.5,78.5124,179.5,"8","","","","","","","","","",""
"1",6.27,36.125,77.5118,179.5,"8","","","","","","","","","",""
"1",6.28,34.5625,76.1536,179.375,"8","","","","","","","","","",""
"1",6.29,32.9375,74.5494,179.375,"8","","","","","","","","","",""
"1",6.3,30.625,72.5377,179.3125,"8","","","","","","","","","",""
"1",6.31,29,70.2653,179.375,"8","","","","","","","","","",""
"1",6.32,27.4375,67.9538,179.375,"8","","","","","","","","","",""
"1",6.33,25.875,66.1244,179.5,"8","","","","","","","","","",""
"1",6.34,23.5,64.2748,179.5,"8","","","","","","","","","",""
"1",6.35,21.9375,62.4647,179.5625,"8","","","","","","","","","",""
"1",6.36,20.3125,60.683,179.5,"8","","","","","","","","","",""
"1",6.37,18.75,59.1367,179.4375,"8","","","","","","","","","",""
"1",6.38,16.375,57.1365,179.3125,"8","","","","","","","","","",""
"5",6.39,14.8125,0,179.25,"8","","","","","","","","","",""
"5",6.4,13.25,0,177.9375,"8","","","","","","","","","",""
"5",6.41,10.9375,0,166.1875,"8","","","","","","","","","",""
"5",6.42,9.5,0,154.5,"8","","","","","","","","","",""
"5",6.43,8.25,0,142.0625,"8","","","","","","","","","",""
"5",6.44,7,0,128.125,"8","","","","","","","","","",""
"5",6.45,5.5,0,103.875,"8","","","","","","","","","",""
"1",6.46,4.6875,0,86.375,"8","","","","","","","","","",""
"1",6.47,4,0,70,"8","","","","","","","","","",""
"1",6.48,3.4375,0,56.9375,"8","","","","","","","","","",""
"1",6.49,2.75,0,42.125,"8","","","","","","","","","",""
"1",6.5,2.4375,0,34.375,"8","","","","","","","","","",""
"1",6.51,2.1875,0,26.9375,"8","","8","","","","","","","",""
"1",6.52,1.875,0,14.5,"8","","","","","","","","","",""
"1",6.53,1.8125,0,4.75,"9","","","","","","","","","",""
"1",6.54,1.8125,0,-6.5,"9","","","","","","","","","",""
"1",6.55,1.9375,0,-19.375,"9","","","9","","","","","","",""
"1",6.56,2.3125,5.3233,-40.3125,"9","9","","","","","","","","",""
"1",6.57,2.75,2.5218,-55,"9","","","","","","","","","",""
"1",6.58,3.3125,.1211,-70.8125,"9","","","","","","","","","",""
"1",6.59,4,1.9288,-88,"9","","","","","","","","","",""
"1",6.6,5.375,4.5845,-112.8125,"9","","","","","","","","","",""
"1",6.61,6.375,7.7448,-125.0625,"9","","","","","","","","","",""
"1",6.62,7.5625,11.5206,-135,"9","","","","","","","","","",""
"1",6.63,9.4375,16.071,-146.625,"9","","","","","","","","","",""
"1",6.64,10.75,20.7351,-152.8125,"9","","","","","","","","","",""
"1",6.65,12.125,25.0827,-157.625,"9","","","","","","","","","",""
"1",6.66,13.5,28.3699,-161.5,"9","","","","","","","","","",""
"1",6.67,15.6875,31.544,-166.3125,"9","","","","","","","","","",""
"1",6.68,17.125,34.0823,-168.6875,"9","","","","","","","","","",""
"1",6.69,18.625,36.2907,-170.75,"9","","","","","","","","","",""
"1",6.7,20.1875,37.8868,-172.5625,"9","","","","","","","","","",""
"1",6.71,22.4375,39.601,-174.375,"9","","","","","","","","","",""
"1",6.72,24,41.254,-175.5,"9","","","","","","","","","",""
"1",6.73,25.5625,42.8076,-176.3125,"9","","","","","","","","","",""
"1",6.74,27.875,44.3538,-177.1875,"9","","","","","","","","","",""
"1",6.75,29.4375,45.7293,-177.8125,"9","","","","","","","","","",""
"1",6.76,31,46.9178,-178.1875,"9","","","","","","","","","",""
"1",6.77,32.5625,47.9355,-178.5,"9","","","","","","","","","",""
"1",6.78,34.9375,49.2898,-179,"9","","","","","","","","","",""
"1",6.79,36.5,50.5097,-179.125,"9","","","","","","","","","",""
"1",6.8,38.0625,51.7327,-179.1875,"9","","","","","","","","","",""
"1",6.81,39.6875,52.6142,-179.4375,"9","","","","","","","","","",""
"1",6.82,42.0625,53.4383,-179.4375,"9","","","","","","","","","",""
"1",6.83,43.625,54.0961,-179.625,"9","","","","","","","","","",""
"1",6.84,45.1875,54.6961,-179.75,"9","","","","","","","","","",""
"1",6.85,47.5625,55.4796,-179.6875,"9","","","","","","","","","",""
"1",6.86,49.125,56.0872,-179.75,"9","","","","","","","","","",""
"1",6.87,50.75,56.4631,-179.75,"9","","","","","","","","","",""
"1",6.88,52.3125,56.5995,-179.625,"9","","","","","","","","","",""
"1",6.89,54.6875,56.7217,-179.75,"9","","","","9","","","","","",""
"1",6.9,56.25,56.5905,-179.75,"9","","","","","","","","","",""
"1",6.91,57.875,56.5275,-179.6875,"9","","","","","9","","","","",""
"1",6.92,59.4375,56.4845,-179.75,"9","","","","","","","","","",""
"1",6.93,61.8125,56.4505,-179.6875,"9","","","","","","","","","",""
"1",6.94,63.375,56.1916,-179.6875,"9","","","","","","","","","",""
"1",6.95,65,55.8208,-179.75,"9","","","","","","","","","",""
"1",6.96,67.375,55.4418,-179.625,"9","","","","","","","","","",""
"1",6.97,68.9375,54.7517,-179.5625,"9","","","","","","","","","",""
"1",6.98,70.5,53.8092,-179.5625,"9","","","","","","","","","",""
"1",6.99,72.0625,52.8102,-179.4375,"9","","","","","","","","","",""
"1",7,74.4375,51.388,-179.375,"9","","","","","","","","","",""
"1",7.01,76,49.4155,-179.25,"9","","","","","","","","","",""
"5",7.02,77.625,0,-179.1875,"9","","","","","","","","","",""
"5",7.03,79.1875,0,-178.75,"9","","","","","","","","","",""
"5",7.04,81.5,0,-170.1875,"9","","","","","","","","","",""
"5",7.05,82.9375,0,-158.9375,"9","","","","","","","","","",""
"5",7.06,84.3125,0,-146.8125,"9","","","","","","","","","",""
"5",7.07,86.125,0,-126,"9","","","","","","","","","",""
"5",7.08,87.125,0,-110.1875,"9","","","","","","","","","",""
"1",7.09,88.0625,0,-93,"9","","","","","","","","","",""
"1",7.1,88.75,0,-75.5,"9","","","","","","","","","",""
"1",7.11,89.625,0,-54.4375,"9","","","","","","","","","",""
"1",7.12,90,0,-43.4375,"9","","","","","","","","","",""
"1",7.13,90.375,0,-34.25,"9","","","","","","","","","",""
"1",7.14,90.625,0,-26.25,"9","","9","","","","","","","",""
"1",7.15,90.875,0,-13.625,"9","","","","","","","","","",""
"1",7.16,91,0,-3.4375,"9","","","","","","","","","",""
"11",7.17,91,0,-3.4375,"9","","","","","","","","","",""
"0",7.18,0,0,0,"9","","","","","","","","","",""
